,single,gini_02,gini_03,gini_04,gini_05,gini_06
iris5,0.5428571428571428,0.8952380952380953,0.8952380952380953,0.8952380952380953,0.5714285714285714,0.5714285714285714
iris,0.68,0.96,0.96,0.96,0.7,0.6933333333333334
Aggregation,0.8274111675126904,0.7906091370558376,0.8477157360406091,0.8705583756345178,0.9111675126903553,0.8274111675126904
