,single,gini_02,gini_03,gini_04,gini_05,gini_06
iris5,0.6905482710606584,0.8472639106060426,0.8472639106060426,0.8472639106060426,0.8857420925974709,0.6728662576873315
iris,0.7635170681000877,0.9234341632720612,0.9234341632720612,0.9234341632720612,0.7537945541461316,0.7537945541461316
flame,0.7300235270476355,1.0,1.0,1.0,1.0,1.0
